Ref number,Carbon precursors,Sample name,DOI,Year,Title,Sbet (m2g-1),Vtotal (cm3g-1),Vmicro (cm3g-1),P (bar),T (K),O (%),N (%),Uptake (mmolg-1)
1,PANI,PANI@PAM-CA-1-650,https://doi.org/10.1016/j.cej.2025.165389,2025,Self-assembled “3D-stereoscopic printing-like” PANI-based porous carbon aerogels for high-efficiency CO2 adsorption,1272.81,0.55,0.46,1.0,273.0,13.27,5.57,6.04
1,PANI,PANI@PAM-CA-1-650,https://doi.org/10.1016/j.cej.2025.165389,2025,Self-assembled “3D-stereoscopic printing-like” PANI-based porous carbon aerogels for high-efficiency CO2 adsorption,1272.81,0.55,0.46,1.0,298.0,13.27,5.57,4.12
1,PANI,PANI@PAM-CB-2-550,https://doi.org/10.1016/j.cej.2025.165389,2025,Self-assembled “3D-stereoscopic printing-like” PANI-based porous carbon aerogels for high-efficiency CO2 adsorption,59.42,0.07,0.02,1.0,273.0,14.61,7.27,6.02
1,PANI,PANI@PAM-CB-2-550,https://doi.org/10.1016/j.cej.2025.165389,2025,Self-assembled “3D-stereoscopic printing-like” PANI-based porous carbon aerogels for high-efficiency CO2 adsorption,59.42,0.07,0.02,1.0,298.0,14.61,7.27,2.19
1,PANI,PANI@PAM-CB-2-650,https://doi.org/10.1016/j.cej.2025.165389,2025,Self-assembled “3D-stereoscopic printing-like” PANI-based porous carbon aerogels for high-efficiency CO2 adsorption,1255.57,0.57,0.45,1.0,298.0,13.09,4.53,3.98
1,PANI,PANI@PAM-CB-2-750,https://doi.org/10.1016/j.cej.2025.165389,2025,Self-assembled “3D-stereoscopic printing-like” PANI-based porous carbon aerogels for high-efficiency CO2 adsorption,1206.27,0.62,0.46,1.0,298.0,21.15,2.41,2.29
1,PANI,PANI@PAM-CB-2-850,https://doi.org/10.1016/j.cej.2025.165389,2025,Self-assembled “3D-stereoscopic printing-like” PANI-based porous carbon aerogels for high-efficiency CO2 adsorption,271.65,0.29,0.11,1.0,298.0,36.42,0.61,0.89
6,Lignin,BC-600-2,https://doi.org/10.1016/j.energy.2026.140326,2026,Upgraded utilization of biochar after heavy metal (Ni) adsorption for CO2 capture,1169.0,0.91,0.23,1.0,298.0,22.66,0.17,3.07
6,Lignin,Ni/BC-100-500,https://doi.org/10.1016/j.energy.2026.140326,2026,Upgraded utilization of biochar after heavy metal (Ni) adsorption for CO2 capture,1299.0,0.87,0.31,1.0,298.0,14.54,0.26,3.91
6,Lignin,Ni/BC-200-500,https://doi.org/10.1016/j.energy.2026.140326,2026,Upgraded utilization of biochar after heavy metal (Ni) adsorption for CO2 capture,1434.0,0.85,0.42,1.0,298.0,13.38,0.17,4.49
6,Lignin,Ni/BC-300-500,https://doi.org/10.1016/j.energy.2026.140326,2026,Upgraded utilization of biochar after heavy metal (Ni) adsorption for CO2 capture,1407.0,0.84,0.4,1.0,298.0,12.39,0.16,4.18
6,Lignin,Ni/BC-400-500,https://doi.org/10.1016/j.energy.2026.140326,2026,Upgraded utilization of biochar after heavy metal (Ni) adsorption for CO2 capture,1376.0,0.81,0.37,1.0,298.0,12.16,0.38,3.96
6,Lignin,Ni/BC-200-400,https://doi.org/10.1016/j.energy.2026.140326,2026,Upgraded utilization of biochar after heavy metal (Ni) adsorption for CO2 capture,1232.0,0.72,0.38,1.0,298.0,14.69,0.26,3.73
6,Lignin,Ni/BC-200-600,https://doi.org/10.1016/j.energy.2026.140326,2026,Upgraded utilization of biochar after heavy metal (Ni) adsorption for CO2 capture,1406.0,1.02,0.3,1.0,298.0,8.59,0.18,3.83
6,Lignin,Ni/BC-200-700,https://doi.org/10.1016/j.energy.2026.140326,2026,Upgraded utilization of biochar after heavy metal (Ni) adsorption for CO2 capture,1350.0,1.13,0.2,1.0,298.0,4.93,0.12,2.76
6,Lignin,Ni/Co/BC-400-500,https://doi.org/10.1016/j.energy.2026.140326,2026,Upgraded utilization of biochar after heavy metal (Ni) adsorption for CO2 capture,1390.0,0.82,0.42,1.0,298.0,11.55,0.25,4.15
6,Lignin,BC-600-2,https://doi.org/10.1016/j.energy.2026.140326,2026,Upgraded utilization of biochar after heavy metal (Ni) adsorption for CO2 capture,1169.0,0.91,0.23,1.0,323.0,22.66,0.17,1.73
6,Lignin,Ni/BC-100-500,https://doi.org/10.1016/j.energy.2026.140326,2026,Upgraded utilization of biochar after heavy metal (Ni) adsorption for CO2 capture,1299.0,0.87,0.31,1.0,323.0,14.54,0.26,2.34
6,Lignin,Ni/BC-200-500,https://doi.org/10.1016/j.energy.2026.140326,2026,Upgraded utilization of biochar after heavy metal (Ni) adsorption for CO2 capture,1434.0,0.85,0.42,1.0,323.0,13.38,0.17,2.72
6,Lignin,Ni/BC-300-500,https://doi.org/10.1016/j.energy.2026.140326,2026,Upgraded utilization of biochar after heavy metal (Ni) adsorption for CO2 capture,1407.0,0.84,0.4,1.0,323.0,12.39,0.16,2.57
6,Lignin,Ni/BC-400-500,https://doi.org/10.1016/j.energy.2026.140326,2026,Upgraded utilization of biochar after heavy metal (Ni) adsorption for CO2 capture,1376.0,0.81,0.37,1.0,323.0,12.16,0.38,2.5
6,Lignin,Ni/BC-200-400,https://doi.org/10.1016/j.energy.2026.140326,2026,Upgraded utilization of biochar after heavy metal (Ni) adsorption for CO2 capture,1232.0,0.72,0.38,1.0,323.0,14.69,0.26,2.38
6,Lignin,Ni/BC-200-600,https://doi.org/10.1016/j.energy.2026.140326,2026,Upgraded utilization of biochar after heavy metal (Ni) adsorption for CO2 capture,1406.0,1.02,0.3,1.0,323.0,8.59,0.18,2.47
6,Lignin,Ni/BC-200-700,https://doi.org/10.1016/j.energy.2026.140326,2026,Upgraded utilization of biochar after heavy metal (Ni) adsorption for CO2 capture,1350.0,1.13,0.2,1.0,323.0,4.93,0.12,1.82
6,Lignin,Ni/Co/BC-400-500,https://doi.org/10.1016/j.energy.2026.140326,2026,Upgraded utilization of biochar after heavy metal (Ni) adsorption for CO2 capture,1390.0,0.82,0.42,1.0,323.0,11.55,0.25,2.41
7,Spent coffee grounds,ACG Unwashed,DOI:10.1002/cey2.70141,2026,Solvent‐Driven Pore Engineering in Coffee‐Derived Activated Hydrochar: Implications for Post‐Combustion CO2 Capture,2645.0,1.25,1.12,1.0,298.0,9.3,1.37,2.8
7,Spent coffee grounds,ACG Water,DOI:10.1002/cey2.70141,2026,Solvent‐Driven Pore Engineering in Coffee‐Derived Activated Hydrochar: Implications for Post‐Combustion CO2 Capture,2812.0,1.36,1.21,1.0,298.0,10.4,1.15,3.0
7,Spent coffee grounds,ACG Ethanol,DOI:10.1002/cey2.70141,2026,Solvent‐Driven Pore Engineering in Coffee‐Derived Activated Hydrochar: Implications for Post‐Combustion CO2 Capture,2672.0,1.27,1.16,1.0,298.0,9.1,1.7,3.45
7,Spent coffee grounds,ACG Acetone,DOI:10.1002/cey2.70141,2026,Solvent‐Driven Pore Engineering in Coffee‐Derived Activated Hydrochar: Implications for Post‐Combustion CO2 Capture,2577.0,1.18,1.08,1.0,298.0,8.98,1.95,3.8
7,Spent coffee grounds,ACG Hexane,DOI:10.1002/cey2.70141,2026,Solvent‐Driven Pore Engineering in Coffee‐Derived Activated Hydrochar: Implications for Post‐Combustion CO2 Capture,2737.0,1.3,1.2,1.0,298.0,8.0,1.76,3.6
8,Jujube seeds,JAC/MCM-41,https://doi.org/10.1016/j.fuel.2025.137238Get rights and content,2026,"From jujube seeds to gas storage: Carbon-enhanced MCM-41 composites for CO2, CH4 and H2 adsorption",2040.0,0.86,0.58,1.0,273.0,29.52,1.85,29.22
8,Jujube seeds,CAC/MCM-41,https://doi.org/10.1016/j.fuel.2025.137238Get rights and content,2026,"From jujube seeds to gas storage: Carbon-enhanced MCM-41 composites for CO2, CH4 and H2 adsorption",720.0,0.52,0.11,1.0,273.0,26.09,1.92,14.421
8,Jujube seeds,GR/MCM-41,https://doi.org/10.1016/j.fuel.2025.137238Get rights and content,2026,"From jujube seeds to gas storage: Carbon-enhanced MCM-41 composites for CO2, CH4 and H2 adsorption",309.0,0.44,0.12,1.0,273.0,53.49,9.27,3.673
8,Jujube seeds,MWCNT/MCM-41,https://doi.org/10.1016/j.fuel.2025.137238Get rights and content,2026,"From jujube seeds to gas storage: Carbon-enhanced MCM-41 composites for CO2, CH4 and H2 adsorption",158.0,0.58,0.06,1.0,273.0,50.84,12.01,0.983
8,Jujube seeds,JAC/MCM-41,https://doi.org/10.1016/j.fuel.2025.137238Get rights and content,2026,"From jujube seeds to gas storage: Carbon-enhanced MCM-41 composites for CO2, CH4 and H2 adsorption",2040.0,0.86,0.58,1.0,298.0,29.52,1.85,17.314
8,Jujube seeds,CAC/MCM-41,https://doi.org/10.1016/j.fuel.2025.137238Get rights and content,2026,"From jujube seeds to gas storage: Carbon-enhanced MCM-41 composites for CO2, CH4 and H2 adsorption",720.0,0.52,0.11,1.0,298.0,26.09,1.92,9.897
8,Jujube seeds,GR/MCM-41,https://doi.org/10.1016/j.fuel.2025.137238Get rights and content,2026,"From jujube seeds to gas storage: Carbon-enhanced MCM-41 composites for CO2, CH4 and H2 adsorption",309.0,0.44,0.12,1.0,298.0,53.49,9.27,2.358
8,Jujube seeds,MWCNT/MCM-41,https://doi.org/10.1016/j.fuel.2025.137238Get rights and content,2026,"From jujube seeds to gas storage: Carbon-enhanced MCM-41 composites for CO2, CH4 and H2 adsorption",158.0,0.58,0.06,1.0,298.0,50.84,12.01,0.608
8,Jujube seeds,JAC/MCM-41,https://doi.org/10.1016/j.fuel.2025.137238Get rights and content,2026,"From jujube seeds to gas storage: Carbon-enhanced MCM-41 composites for CO2, CH4 and H2 adsorption",2040.0,0.86,0.58,1.0,298.0,29.52,1.85,10.462
8,Jujube seeds,CAC/MCM-41,https://doi.org/10.1016/j.fuel.2025.137238Get rights and content,2026,"From jujube seeds to gas storage: Carbon-enhanced MCM-41 composites for CO2, CH4 and H2 adsorption",720.0,0.52,0.11,1.0,298.0,26.09,1.92,6.607
8,Jujube seeds,GR/MCM-41,https://doi.org/10.1016/j.fuel.2025.137238Get rights and content,2026,"From jujube seeds to gas storage: Carbon-enhanced MCM-41 composites for CO2, CH4 and H2 adsorption",309.0,0.44,0.12,1.0,298.0,53.49,9.27,1.549
8,Jujube seeds,MWCNT/MCM-41,https://doi.org/10.1016/j.fuel.2025.137238Get rights and content,2026,"From jujube seeds to gas storage: Carbon-enhanced MCM-41 composites for CO2, CH4 and H2 adsorption",158.0,0.58,0.06,1.0,298.0,50.84,12.01,0.395
9,Pine,Pine,https://doi.org/10.1016/j.crcon.2024.100237,2025,Pore properties and CO2 adsorption performance of activated carbon prepared from various carbonaceous materials,2330.0,1.39,0.85,2.0,298.0,43.5,0.1,11.95454545
9,Cedar,Cedar,https://doi.org/10.1016/j.crcon.2024.100237,2025,Pore properties and CO2 adsorption performance of activated carbon prepared from various carbonaceous materials,2155.0,1.27,1.07,2.0,298.0,43.1,0.3,11.81818182
9,Lignin,Lignin,https://doi.org/10.1016/j.crcon.2024.100237,2025,Pore properties and CO2 adsorption performance of activated carbon prepared from various carbonaceous materials,2360.0,1.36,1.18,2.0,298.0,29.2,0.22,10.75
9,Peat,Peat,https://doi.org/10.1016/j.crcon.2024.100237,2025,Pore properties and CO2 adsorption performance of activated carbon prepared from various carbonaceous materials,2640.0,1.9,1.46,2.0,298.0,26.9,1.82,12.06818182
9,Yallown,Yallown,https://doi.org/10.1016/j.crcon.2024.100237,2025,Pore properties and CO2 adsorption performance of activated carbon prepared from various carbonaceous materials,2430.0,1.41,1.12,2.0,298.0,29.1,0.63,11.0
9,Aduun chuluun,Aduun chuluun,https://doi.org/10.1016/j.crcon.2024.100237,2025,Pore properties and CO2 adsorption performance of activated carbon prepared from various carbonaceous materials,2070.0,1.28,0.98,2.0,298.0,25.4,0.66,10.93181818
9,Tugrug nuur,Tugrug nuur,https://doi.org/10.1016/j.crcon.2024.100237,2025,Pore properties and CO2 adsorption performance of activated carbon prepared from various carbonaceous materials,1860.0,0.87,0.76,2.0,298.0,24.6,1.06,9.295454545
9,Loy Yang,Loy Yang,https://doi.org/10.1016/j.crcon.2024.100237,2025,Pore properties and CO2 adsorption performance of activated carbon prepared from various carbonaceous materials,2070.0,1.28,0.98,2.0,298.0,24.4,0.59,10.52272727
9,Shivee-ovoo,Shivee-ovoo,https://doi.org/10.1016/j.crcon.2024.100237,2025,Pore properties and CO2 adsorption performance of activated carbon prepared from various carbonaceous materials,1810.0,0.98,0.85,2.0,298.0,23.3,0.78,9.136363636
9,Line,Line,https://doi.org/10.1016/j.crcon.2024.100237,2025,Pore properties and CO2 adsorption performance of activated carbon prepared from various carbonaceous materials,1840.0,1.49,1.15,2.0,298.0,25.3,0.78,10.93181818
9,Baganuur,Baganuur,https://doi.org/10.1016/j.crcon.2024.100237,2025,Pore properties and CO2 adsorption performance of activated carbon prepared from various carbonaceous materials,2020.0,1.01,0.86,2.0,298.0,23.4,0.96,10.68181818
9,Mullier,Mullier,https://doi.org/10.1016/j.crcon.2024.100237,2025,Pore properties and CO2 adsorption performance of activated carbon prepared from various carbonaceous materials,2180.0,1.23,1.02,2.0,298.0,18.3,0.87,10.93181818
9,Pendopo,Pendopo,https://doi.org/10.1016/j.crcon.2024.100237,2025,Pore properties and CO2 adsorption performance of activated carbon prepared from various carbonaceous materials,1880.0,1.2,0.95,2.0,298.0,21.8,0.91,9.909090909
9,Adaro,Adaro,https://doi.org/10.1016/j.crcon.2024.100237,2025,Pore properties and CO2 adsorption performance of activated carbon prepared from various carbonaceous materials,2490.0,1.13,0.96,2.0,298.0,15.0,1.0,10.25
9,Tar,Tar,https://doi.org/10.1016/j.crcon.2024.100237,2025,Pore properties and CO2 adsorption performance of activated carbon prepared from various carbonaceous materials,2210.0,1.28,0.97,2.0,298.0,11.3,0.99,10.27272727
11,Nature wood,CA,https://doi.org/10.1016/j.fuel.2025.136520,2026,Amine modified porous carbon aerogel templated by the natural structure of wood for CO2 capture and selective separation,146.0358,0.1079,0.0082,1.0,273.0,1.91,0.3,1.58
11,Nature wood,CAN,https://doi.org/10.1016/j.fuel.2025.136520,2026,Amine modified porous carbon aerogel templated by the natural structure of wood for CO2 capture and selective separation,257.4489,0.1203,0.0964,1.0,273.0,2.61,3.88,2.16
11,Nature wood,KCAN,https://doi.org/10.1016/j.fuel.2025.136520,2026,Amine modified porous carbon aerogel templated by the natural structure of wood for CO2 capture and selective separation,632.6149,0.3067,0.156,1.0,273.0,10.35,3.01,3.31
11,Nature wood,KCANT,https://doi.org/10.1016/j.fuel.2025.136520,2026,Amine modified porous carbon aerogel templated by the natural structure of wood for CO2 capture and selective separation,522.9651,0.2445,0.1045,1.0,273.0,7.67,7.49,4.14
15,PAN powders,PANC-P15,https://doi.org/10.1016/j.apsusc.2025.164196,2025,Hierarchical coal/PAN blend carbon nanofibers through chemical activation for supercapacitor and CO2 adsorption,1012.93,0.39,0.32,1.0,273.0,11.26,5.47,4.09
15,PAN powders,PANC-P20,https://doi.org/10.1016/j.apsusc.2025.164196,2025,Hierarchical coal/PAN blend carbon nanofibers through chemical activation for supercapacitor and CO2 adsorption,948.22,0.412,0.3,1.0,273.0,12.58,5.0,4.15
15,PAN powders,PANC-P25,https://doi.org/10.1016/j.apsusc.2025.164196,2025,Hierarchical coal/PAN blend carbon nanofibers through chemical activation for supercapacitor and CO2 adsorption,852.54,0.355,0.28,1.0,273.0,12.2,6.97,4.85
15,PAN powders,PANC-K15,https://doi.org/10.1016/j.apsusc.2025.164196,2025,Hierarchical coal/PAN blend carbon nanofibers through chemical activation for supercapacitor and CO2 adsorption,2607.01,1.074,0.75,1.0,273.0,6.12,3.8,5.12
15,PAN powders,PANC-K25,https://doi.org/10.1016/j.apsusc.2025.164196,2025,Hierarchical coal/PAN blend carbon nanofibers through chemical activation for supercapacitor and CO2 adsorption,1613.62,0.6,0.54,1.0,273.0,5.99,6.09,6.76
15,PAN powders,PANC-Zn,https://doi.org/10.1016/j.apsusc.2025.164196,2025,Hierarchical coal/PAN blend carbon nanofibers through chemical activation for supercapacitor and CO2 adsorption,1073.45,0.387,0.36,1.0,273.0,10.49,6.79,4.86
16,Bamboo,BAC-840,https://doi.org/10.1016/j.joei.2025.102341,2026,Hydrothermal pretreatment for controlling bamboo biomass composition and regulating pore structure of bamboo-based activated carbon for CO2 adsorption,746.0,0.36,0.3,1.0,273.0,44.6,0.28,3.31
16,Bamboo,HBAC-3-840,https://doi.org/10.1016/j.joei.2025.102341,2026,Hydrothermal pretreatment for controlling bamboo biomass composition and regulating pore structure of bamboo-based activated carbon for CO2 adsorption,906.0,0.45,0.36,1.0,273.0,40.9,0.18,2.35
16,Bamboo,HBAC-6-840,https://doi.org/10.1016/j.joei.2025.102341,2026,Hydrothermal pretreatment for controlling bamboo biomass composition and regulating pore structure of bamboo-based activated carbon for CO2 adsorption,1145.0,0.54,0.42,1.0,273.0,39.6,0.46,3.23
16,Bamboo,HBAC-9-840,https://doi.org/10.1016/j.joei.2025.102341,2026,Hydrothermal pretreatment for controlling bamboo biomass composition and regulating pore structure of bamboo-based activated carbon for CO2 adsorption,1393.0,0.79,0.55,1.0,273.0,39.5,0.22,2.27
16,Bamboo,HBAC-12-840,https://doi.org/10.1016/j.joei.2025.102341,2026,Hydrothermal pretreatment for controlling bamboo biomass composition and regulating pore structure of bamboo-based activated carbon for CO2 adsorption,874.0,0.41,0.34,1.0,273.0,39.2,0.27,3.36
19,Sodium lignosulfonate,MSLS1–0.2,https://doi.org/10.1016/j.jece.2025.115512,2025,Investigating the dual activation synergistic mechanism of KOH activation and sodium self-catalysis to uncover microporous mechanisms in CO2 adsorption,3362.0,2.7551,1.3435,1.0,298.0,7.53,1.09,2.3
26,Pear branches,HCK,https://doi.org/10.1016/j.seppur.2025.134678,2025,Biomass tar modified biochar with enhanced micropores and oxygen content for high efficiency CO2 capture,1466.1,0.95,0.748,1.0,273.0,15.53,1.95,2.587045455
29,Corn straw and rice husks,PS-S,https://doi.org/10.1002/cbh2.70017,2025,Fast Pyrolyzed Residue Assembled Into Carbon Spheres: Effect of Self-Template on the Structure Behavior and Improved Hierarchical Pore Structures,1101.1,0.677,0.422,1.0,303.0,44.79,1.07,1.63
29,Corn straw and rice husks,PW-S,https://doi.org/10.1002/cbh2.70017,2025,Fast Pyrolyzed Residue Assembled Into Carbon Spheres: Effect of Self-Template on the Structure Behavior and Improved Hierarchical Pore Structures,822.7,0.376,0.33,1.0,303.0,16.83,0.0,1.23
29,Corn straw and rice husks,PC-S,https://doi.org/10.1002/cbh2.70017,2025,Fast Pyrolyzed Residue Assembled Into Carbon Spheres: Effect of Self-Template on the Structure Behavior and Improved Hierarchical Pore Structures,870.3,0.728,0.325,1.0,303.0,11.83,0.0,1.73
29,Corn straw and rice husks,PB-S,https://doi.org/10.1002/cbh2.70017,2025,Fast Pyrolyzed Residue Assembled Into Carbon Spheres: Effect of Self-Template on the Structure Behavior and Improved Hierarchical Pore Structures,1160.6,0.745,0.448,1.0,273.0,11.17,0.0,5.25
31,Garlic,GAAC4,https://doi.org/10.1016/j.carbon.2025.120409,2025,Functionalized nanoporous biocarbon derived from garlic waste for enhanced CO2 capture and supercapacitor performance,2208.7,1.16,0.61,1.0,273.0,8.79,0.86,3.38
31,Garlic,GAAC5,https://doi.org/10.1016/j.carbon.2025.120409,2025,Functionalized nanoporous biocarbon derived from garlic waste for enhanced CO2 capture and supercapacitor performance,3256.6,1.6,0.81,1.0,273.0,9.61,0.76,3.82
31,Garlic,GAAC6,https://doi.org/10.1016/j.carbon.2025.120409,2025,Functionalized nanoporous biocarbon derived from garlic waste for enhanced CO2 capture and supercapacitor performance,3449.2,1.67,1.14,1.0,273.0,7.36,0.52,5.25
31,Garlic,GAAC4,https://doi.org/10.1016/j.carbon.2025.120409,2025,Functionalized nanoporous biocarbon derived from garlic waste for enhanced CO2 capture and supercapacitor performance,2208.7,1.16,0.61,5.0,273.0,8.79,0.86,9.56
31,Garlic,GAAC5,https://doi.org/10.1016/j.carbon.2025.120409,2025,Functionalized nanoporous biocarbon derived from garlic waste for enhanced CO2 capture and supercapacitor performance,3256.6,1.6,0.81,5.0,273.0,9.61,0.76,11.86
31,Garlic,GAAC6,https://doi.org/10.1016/j.carbon.2025.120409,2025,Functionalized nanoporous biocarbon derived from garlic waste for enhanced CO2 capture and supercapacitor performance,3449.2,1.67,1.14,5.0,273.0,7.36,0.52,15.09
31,Garlic,GAAC4,https://doi.org/10.1016/j.carbon.2025.120409,2025,Functionalized nanoporous biocarbon derived from garlic waste for enhanced CO2 capture and supercapacitor performance,2208.7,1.16,0.61,10.0,273.0,8.79,0.86,13.79
31,Garlic,GAAC5,https://doi.org/10.1016/j.carbon.2025.120409,2025,Functionalized nanoporous biocarbon derived from garlic waste for enhanced CO2 capture and supercapacitor performance,3256.6,1.6,0.81,10.0,273.0,9.61,0.76,17.65
31,Garlic,GAAC6,https://doi.org/10.1016/j.carbon.2025.120409,2025,Functionalized nanoporous biocarbon derived from garlic waste for enhanced CO2 capture and supercapacitor performance,3449.2,1.67,1.14,10.0,273.0,7.36,0.52,21.69
31,Garlic,GAAC4,https://doi.org/10.1016/j.carbon.2025.120409,2025,Functionalized nanoporous biocarbon derived from garlic waste for enhanced CO2 capture and supercapacitor performance,2208.7,1.16,0.61,30.0,273.0,8.79,0.86,22.1
31,Garlic,GAAC5,https://doi.org/10.1016/j.carbon.2025.120409,2025,Functionalized nanoporous biocarbon derived from garlic waste for enhanced CO2 capture and supercapacitor performance,3256.6,1.6,0.81,30.0,273.0,9.61,0.76,27.68
31,Garlic,GAAC6,https://doi.org/10.1016/j.carbon.2025.120409,2025,Functionalized nanoporous biocarbon derived from garlic waste for enhanced CO2 capture and supercapacitor performance,3449.2,1.67,1.14,30.0,273.0,7.36,0.52,30.62
33,Ningdong coal powder,CH-MW200,https://doi.org/10.1016/j.cej.2026.173326,2026,Targeted preparation of ultramicroporous carbon via stepwise microwave activation for efficient CO2 capture,878.0,0.39,0.35,1.0,273.0,10.22,1.14,4.24
33,Ningdong coal powder,0-MW200,https://doi.org/10.1016/j.cej.2026.173326,2026,Targeted preparation of ultramicroporous carbon via stepwise microwave activation for efficient CO2 capture,1138.0,0.52,0.45,1.0,273.0,12.64,1.06,5.12
33,Ningdong coal powder,10-MW200,https://doi.org/10.1016/j.cej.2026.173326,2026,Targeted preparation of ultramicroporous carbon via stepwise microwave activation for efficient CO2 capture,1258.0,0.56,0.49,1.0,273.0,12.3,0.66,5.84
33,Ningdong coal powder,20-MW200,https://doi.org/10.1016/j.cej.2026.173326,2026,Targeted preparation of ultramicroporous carbon via stepwise microwave activation for efficient CO2 capture,1060.0,0.48,0.41,1.0,273.0,10.97,0.95,5.44
33,Ningdong coal powder,0-MW300,https://doi.org/10.1016/j.cej.2026.173326,2026,Targeted preparation of ultramicroporous carbon via stepwise microwave activation for efficient CO2 capture,1311.0,0.65,0.52,1.0,273.0,9.7,0.82,5.54
33,Ningdong coal powder,10-MW300,https://doi.org/10.1016/j.cej.2026.173326,2026,Targeted preparation of ultramicroporous carbon via stepwise microwave activation for efficient CO2 capture,1377.0,0.6,0.53,1.0,273.0,9.71,0.77,6.15
33,Ningdong coal powder,CH-MW200,https://doi.org/10.1016/j.cej.2026.173326,2026,Targeted preparation of ultramicroporous carbon via stepwise microwave activation for efficient CO2 capture,878.0,0.39,0.35,1.0,298.0,10.22,1.14,3.02
33,Ningdong coal powder,0-MW200,https://doi.org/10.1016/j.cej.2026.173326,2026,Targeted preparation of ultramicroporous carbon via stepwise microwave activation for efficient CO2 capture,1138.0,0.52,0.45,1.0,298.0,12.64,1.06,3.52
33,Ningdong coal powder,10-MW200,https://doi.org/10.1016/j.cej.2026.173326,2026,Targeted preparation of ultramicroporous carbon via stepwise microwave activation for efficient CO2 capture,1258.0,0.56,0.49,1.0,298.0,12.3,0.66,4.21
33,Ningdong coal powder,20-MW200,https://doi.org/10.1016/j.cej.2026.173326,2026,Targeted preparation of ultramicroporous carbon via stepwise microwave activation for efficient CO2 capture,1060.0,0.48,0.41,1.0,298.0,10.97,0.95,3.82
33,Ningdong coal powder,0-MW300,https://doi.org/10.1016/j.cej.2026.173326,2026,Targeted preparation of ultramicroporous carbon via stepwise microwave activation for efficient CO2 capture,1311.0,0.65,0.52,1.0,298.0,9.7,0.82,3.8
33,Ningdong coal powder,10-MW300,https://doi.org/10.1016/j.cej.2026.173326,2026,Targeted preparation of ultramicroporous carbon via stepwise microwave activation for efficient CO2 capture,1377.0,0.6,0.53,1.0,298.0,9.71,0.77,4.14
35,Walnut shells,MC1,https://doi.org/10.1016/j.joei.2025.102363,2026,"Adjustable ultra-micro, micro-, and mesopores in lignin-based hierarchical porous carbon for CO2 adsorption",396.12,0.35,0.13,1.0,273.0,13.99,3.18,2.55
35,Walnut shells,MC1.5-K3,https://doi.org/10.1016/j.joei.2025.102363,2026,"Adjustable ultra-micro, micro-, and mesopores in lignin-based hierarchical porous carbon for CO2 adsorption",1033.42,0.47,0.4,1.0,273.0,20.64,1.92,4.72
35,Walnut shells,MIC-K3,https://doi.org/10.1016/j.joei.2025.102363,2026,"Adjustable ultra-micro, micro-, and mesopores in lignin-based hierarchical porous carbon for CO2 adsorption",521.19,0.22,0.2,1.0,273.0,21.09,1.72,4.43
35,Walnut shells,MC1,https://doi.org/10.1016/j.joei.2025.102363,2026,"Adjustable ultra-micro, micro-, and mesopores in lignin-based hierarchical porous carbon for CO2 adsorption",396.12,0.35,0.13,1.0,303.0,13.99,3.18,2.55
35,Walnut shells,MC1.5-K3,https://doi.org/10.1016/j.joei.2025.102363,2026,"Adjustable ultra-micro, micro-, and mesopores in lignin-based hierarchical porous carbon for CO2 adsorption",1033.42,0.47,0.4,1.0,303.0,20.64,1.92,4.72
35,Walnut shells,MIC-K3,https://doi.org/10.1016/j.joei.2025.102363,2026,"Adjustable ultra-micro, micro-, and mesopores in lignin-based hierarchical porous carbon for CO2 adsorption",521.19,0.22,0.2,1.0,303.0,21.09,1.72,4.43
39,Porous straw,CSBC,https://doi.org/10.1016/j.indcrop.2025.121000,2025,Straw-derived porous biochars by ball milling for CO2 capture: Adsorption performance and enhanced mechanisms,26.91,0.016,0.012,1.0,273.0,7.59,0.98,1.43
39,Porous straw,BM-CSBC,https://doi.org/10.1016/j.indcrop.2025.121000,2025,Straw-derived porous biochars by ball milling for CO2 capture: Adsorption performance and enhanced mechanisms,80.9,0.084,0.026,1.0,273.0,16.31,0.85,1.59
39,Porous straw,BSBC,https://doi.org/10.1016/j.indcrop.2025.121000,2025,Straw-derived porous biochars by ball milling for CO2 capture: Adsorption performance and enhanced mechanisms,1.72,0.004,0.002,1.0,273.0,10.47,0.69,1.48
39,Porous straw,BM-BSBC,https://doi.org/10.1016/j.indcrop.2025.121000,2025,Straw-derived porous biochars by ball milling for CO2 capture: Adsorption performance and enhanced mechanisms,4.8,0.023,0.001,1.0,273.0,10.47,0.69,1.7
39,Porous straw,COBC,https://doi.org/10.1016/j.indcrop.2025.121000,2025,Straw-derived porous biochars by ball milling for CO2 capture: Adsorption performance and enhanced mechanisms,5.03,0.016,0.001,1.0,273.0,9.73,1.18,1.43
39,Porous straw,BM-COBC,https://doi.org/10.1016/j.indcrop.2025.121000,2025,Straw-derived porous biochars by ball milling for CO2 capture: Adsorption performance and enhanced mechanisms,40.99,0.062,0.01,1.0,273.0,9.73,1.18,1.64
39,Porous straw,CSBC,https://doi.org/10.1016/j.indcrop.2025.121000,2025,Straw-derived porous biochars by ball milling for CO2 capture: Adsorption performance and enhanced mechanisms,26.91,0.016,0.012,1.0,303.0,7.59,0.98,0.82
39,Porous straw,BM-CSBC,https://doi.org/10.1016/j.indcrop.2025.121000,2025,Straw-derived porous biochars by ball milling for CO2 capture: Adsorption performance and enhanced mechanisms,80.9,0.084,0.026,1.0,303.0,16.31,0.85,1.02
39,Porous straw,BSBC,https://doi.org/10.1016/j.indcrop.2025.121000,2025,Straw-derived porous biochars by ball milling for CO2 capture: Adsorption performance and enhanced mechanisms,1.72,0.004,0.002,1.0,303.0,10.47,0.69,1.02
39,Porous straw,BM-BSBC,https://doi.org/10.1016/j.indcrop.2025.121000,2025,Straw-derived porous biochars by ball milling for CO2 capture: Adsorption performance and enhanced mechanisms,4.8,0.023,0.001,1.0,303.0,10.47,0.69,1.11
39,Porous straw,COBC,https://doi.org/10.1016/j.indcrop.2025.121000,2025,Straw-derived porous biochars by ball milling for CO2 capture: Adsorption performance and enhanced mechanisms,5.03,0.016,0.001,1.0,303.0,9.73,1.18,0.89
39,Porous straw,BM-COBC,https://doi.org/10.1016/j.indcrop.2025.121000,2025,Straw-derived porous biochars by ball milling for CO2 capture: Adsorption performance and enhanced mechanisms,40.99,0.062,0.01,1.0,303.0,9.73,1.18,0.95
39,Porous straw,CSBC,https://doi.org/10.1016/j.indcrop.2025.121000,2025,Straw-derived porous biochars by ball milling for CO2 capture: Adsorption performance and enhanced mechanisms,26.91,0.016,0.012,1.0,323.0,7.59,0.98,0.57
39,Porous straw,BM-CSBC,https://doi.org/10.1016/j.indcrop.2025.121000,2025,Straw-derived porous biochars by ball milling for CO2 capture: Adsorption performance and enhanced mechanisms,80.9,0.084,0.026,1.0,323.0,16.31,0.85,0.64
39,Porous straw,BSBC,https://doi.org/10.1016/j.indcrop.2025.121000,2025,Straw-derived porous biochars by ball milling for CO2 capture: Adsorption performance and enhanced mechanisms,1.72,0.004,0.002,1.0,323.0,10.47,0.69,0.86
39,Porous straw,BM-BSBC,https://doi.org/10.1016/j.indcrop.2025.121000,2025,Straw-derived porous biochars by ball milling for CO2 capture: Adsorption performance and enhanced mechanisms,4.8,0.023,0.001,1.0,323.0,10.47,0.69,0.98
39,Porous straw,COBC,https://doi.org/10.1016/j.indcrop.2025.121000,2025,Straw-derived porous biochars by ball milling for CO2 capture: Adsorption performance and enhanced mechanisms,5.03,0.016,0.001,1.0,323.0,9.73,1.18,0.75
39,Porous straw,BM-COBC,https://doi.org/10.1016/j.indcrop.2025.121000,2025,Straw-derived porous biochars by ball milling for CO2 capture: Adsorption performance and enhanced mechanisms,40.99,0.062,0.01,1.0,323.0,9.73,1.18,0.8
39,Porous straw,CSBC,https://doi.org/10.1016/j.indcrop.2025.121000,2025,Straw-derived porous biochars by ball milling for CO2 capture: Adsorption performance and enhanced mechanisms,26.91,0.016,0.012,1.0,343.0,7.59,0.98,0.5
39,Porous straw,BM-CSBC,https://doi.org/10.1016/j.indcrop.2025.121000,2025,Straw-derived porous biochars by ball milling for CO2 capture: Adsorption performance and enhanced mechanisms,80.9,0.084,0.026,1.0,343.0,16.31,0.85,0.57
39,Porous straw,BSBC,https://doi.org/10.1016/j.indcrop.2025.121000,2025,Straw-derived porous biochars by ball milling for CO2 capture: Adsorption performance and enhanced mechanisms,1.72,0.004,0.002,1.0,343.0,10.47,0.69,0.75
39,Porous straw,BM-BSBC,https://doi.org/10.1016/j.indcrop.2025.121000,2025,Straw-derived porous biochars by ball milling for CO2 capture: Adsorption performance and enhanced mechanisms,4.8,0.023,0.001,1.0,343.0,10.47,0.69,0.8
39,Porous straw,COBC,https://doi.org/10.1016/j.indcrop.2025.121000,2025,Straw-derived porous biochars by ball milling for CO2 capture: Adsorption performance and enhanced mechanisms,5.03,0.016,0.001,1.0,343.0,9.73,1.18,0.59
39,Porous straw,BM-COBC,https://doi.org/10.1016/j.indcrop.2025.121000,2025,Straw-derived porous biochars by ball milling for CO2 capture: Adsorption performance and enhanced mechanisms,40.99,0.062,0.01,1.0,343.0,9.73,1.18,0.64
47,Pristine,K@Mg-1,https://doi.org/10.1016/j.carbon.2022.02.028,2022,Development of ultramicropore-mesopore interconnected pore architectures for boosting carbon dioxide capture at low partial pressure,1020.0,0.59,0.42,1.0,273.0,16.78,3.92,4.78
48,Lignin,PK-0.25-PU,https://doi.org/10.1016/j.carbon.2024.119530,2024,Preparation of lignin-based porous carbon through thermochemical activation and nitrogen doping for CO2 selective adsorption,1125.0,0.51,0.44,1.0,298.0,8.14,2.97,4.31
48,Lignin,PK-0.5-PU,https://doi.org/10.1016/j.carbon.2024.119530,2024,Preparation of lignin-based porous carbon through thermochemical activation and nitrogen doping for CO2 selective adsorption,1445.0,0.65,0.55,1.0,298.0,9.22,3.87,4.74
48,Lignin,PK-1-PU,https://doi.org/10.1016/j.carbon.2024.119530,2024,Preparation of lignin-based porous carbon through thermochemical activation and nitrogen doping for CO2 selective adsorption,1755.0,0.78,0.71,1.0,298.0,7.56,3.12,4.13
48,Lignin,PK-2-PU,https://doi.org/10.1016/j.carbon.2024.119530,2024,Preparation of lignin-based porous carbon through thermochemical activation and nitrogen doping for CO2 selective adsorption,1977.0,0.93,0.85,1.0,298.0,12.44,1.69,3.15
48,Lignin,PK-0.25-HU,https://doi.org/10.1016/j.carbon.2024.119530,2024,Preparation of lignin-based porous carbon through thermochemical activation and nitrogen doping for CO2 selective adsorption,1279.0,0.57,0.48,1.0,298.0,10.75,2.96,4.46
48,Lignin,PK-0.5-HU,https://doi.org/10.1016/j.carbon.2024.119530,2024,Preparation of lignin-based porous carbon through thermochemical activation and nitrogen doping for CO2 selective adsorption,1506.0,0.66,0.58,1.0,298.0,9.98,1.59,4.77
48,Lignin,PK-1-HU,https://doi.org/10.1016/j.carbon.2024.119530,2024,Preparation of lignin-based porous carbon through thermochemical activation and nitrogen doping for CO2 selective adsorption,1664.0,0.72,0.65,1.0,298.0,8.11,1.96,4.52
48,Lignin,PK-2-HU,https://doi.org/10.1016/j.carbon.2024.119530,2024,Preparation of lignin-based porous carbon through thermochemical activation and nitrogen doping for CO2 selective adsorption,2126.0,0.97,0.89,1.0,298.0,15.08,1.34,3.8
48,Lignin,HU-PK-0.25,https://doi.org/10.1016/j.carbon.2024.119530,2024,Preparation of lignin-based porous carbon through thermochemical activation and nitrogen doping for CO2 selective adsorption,1009.0,0.57,0.39,1.0,298.0,13.64,1.31,3.79
48,Lignin,PK-0.25-PU,https://doi.org/10.1016/j.carbon.2024.119530,2024,Preparation of lignin-based porous carbon through thermochemical activation and nitrogen doping for CO2 selective adsorption,1125.0,0.51,0.44,0.15,298.0,8.14,2.97,1.4
48,Lignin,PK-0.5-PU,https://doi.org/10.1016/j.carbon.2024.119530,2024,Preparation of lignin-based porous carbon through thermochemical activation and nitrogen doping for CO2 selective adsorption,1445.0,0.65,0.55,0.15,298.0,9.22,3.87,1.39
48,Lignin,PK-1-PU,https://doi.org/10.1016/j.carbon.2024.119530,2024,Preparation of lignin-based porous carbon through thermochemical activation and nitrogen doping for CO2 selective adsorption,1755.0,0.78,0.71,0.15,298.0,7.56,3.12,1.16
48,Lignin,PK-2-PU,https://doi.org/10.1016/j.carbon.2024.119530,2024,Preparation of lignin-based porous carbon through thermochemical activation and nitrogen doping for CO2 selective adsorption,1977.0,0.93,0.85,0.15,298.0,12.44,1.69,0.74
48,Lignin,PK-0.25-HU,https://doi.org/10.1016/j.carbon.2024.119530,2024,Preparation of lignin-based porous carbon through thermochemical activation and nitrogen doping for CO2 selective adsorption,1279.0,0.57,0.48,0.15,298.0,10.75,2.96,1.44
48,Lignin,PK-0.5-HU,https://doi.org/10.1016/j.carbon.2024.119530,2024,Preparation of lignin-based porous carbon through thermochemical activation and nitrogen doping for CO2 selective adsorption,1506.0,0.66,0.58,0.15,298.0,9.98,1.59,1.33
48,Lignin,PK-1-HU,https://doi.org/10.1016/j.carbon.2024.119530,2024,Preparation of lignin-based porous carbon through thermochemical activation and nitrogen doping for CO2 selective adsorption,1664.0,0.72,0.65,0.15,298.0,8.11,1.96,1.19
48,Lignin,PK-2-HU,https://doi.org/10.1016/j.carbon.2024.119530,2024,Preparation of lignin-based porous carbon through thermochemical activation and nitrogen doping for CO2 selective adsorption,2126.0,0.97,0.89,0.15,298.0,15.08,1.34,0.84
48,Lignin,HU-PK-0.25,https://doi.org/10.1016/j.carbon.2024.119530,2024,Preparation of lignin-based porous carbon through thermochemical activation and nitrogen doping for CO2 selective adsorption,1009.0,0.57,0.39,0.15,298.0,13.64,1.31,0.92
48,Lignin,PK-0.25-PU,https://doi.org/10.1016/j.carbon.2024.119530,2024,Preparation of lignin-based porous carbon through thermochemical activation and nitrogen doping for CO2 selective adsorption,1125.0,0.51,0.44,1.0,323.0,8.14,2.97,2.75
48,Lignin,PK-0.5-PU,https://doi.org/10.1016/j.carbon.2024.119530,2024,Preparation of lignin-based porous carbon through thermochemical activation and nitrogen doping for CO2 selective adsorption,1445.0,0.65,0.55,1.0,323.0,9.22,3.87,2.9
48,Lignin,PK-1-PU,https://doi.org/10.1016/j.carbon.2024.119530,2024,Preparation of lignin-based porous carbon through thermochemical activation and nitrogen doping for CO2 selective adsorption,1755.0,0.78,0.71,1.0,323.0,7.56,3.12,2.69
48,Lignin,PK-2-PU,https://doi.org/10.1016/j.carbon.2024.119530,2024,Preparation of lignin-based porous carbon through thermochemical activation and nitrogen doping for CO2 selective adsorption,1977.0,0.93,0.85,1.0,323.0,12.44,1.69,1.85
48,Lignin,PK-0.25-HU,https://doi.org/10.1016/j.carbon.2024.119530,2024,Preparation of lignin-based porous carbon through thermochemical activation and nitrogen doping for CO2 selective adsorption,1279.0,0.57,0.48,1.0,323.0,10.75,2.96,2.97
48,Lignin,PK-0.5-HU,https://doi.org/10.1016/j.carbon.2024.119530,2024,Preparation of lignin-based porous carbon through thermochemical activation and nitrogen doping for CO2 selective adsorption,1506.0,0.66,0.58,1.0,323.0,9.98,1.59,2.63
48,Lignin,PK-1-HU,https://doi.org/10.1016/j.carbon.2024.119530,2024,Preparation of lignin-based porous carbon through thermochemical activation and nitrogen doping for CO2 selective adsorption,1664.0,0.72,0.65,1.0,323.0,8.11,1.96,2.57
48,Lignin,PK-2-HU,https://doi.org/10.1016/j.carbon.2024.119530,2024,Preparation of lignin-based porous carbon through thermochemical activation and nitrogen doping for CO2 selective adsorption,2126.0,0.97,0.89,1.0,323.0,15.08,1.34,2.25
48,Lignin,HU-PK-0.25,https://doi.org/10.1016/j.carbon.2024.119530,2024,Preparation of lignin-based porous carbon through thermochemical activation and nitrogen doping for CO2 selective adsorption,1009.0,0.57,0.39,1.0,323.0,13.64,1.31,2.28
48,Lignin,PK-0.25-PU,https://doi.org/10.1016/j.carbon.2024.119530,2024,Preparation of lignin-based porous carbon through thermochemical activation and nitrogen doping for CO2 selective adsorption,1125.0,0.51,0.44,0.15,323.0,8.14,2.97,0.63
48,Lignin,PK-0.5-PU,https://doi.org/10.1016/j.carbon.2024.119530,2024,Preparation of lignin-based porous carbon through thermochemical activation and nitrogen doping for CO2 selective adsorption,1445.0,0.65,0.55,0.15,323.0,9.22,3.87,0.6
48,Lignin,PK-1-PU,https://doi.org/10.1016/j.carbon.2024.119530,2024,Preparation of lignin-based porous carbon through thermochemical activation and nitrogen doping for CO2 selective adsorption,1755.0,0.78,0.71,0.15,323.0,7.56,3.12,0.54
48,Lignin,PK-2-PU,https://doi.org/10.1016/j.carbon.2024.119530,2024,Preparation of lignin-based porous carbon through thermochemical activation and nitrogen doping for CO2 selective adsorption,1977.0,0.93,0.85,0.15,323.0,12.44,1.69,0.37
48,Lignin,PK-0.25-HU,https://doi.org/10.1016/j.carbon.2024.119530,2024,Preparation of lignin-based porous carbon through thermochemical activation and nitrogen doping for CO2 selective adsorption,1279.0,0.57,0.48,0.15,323.0,10.75,2.96,0.63
48,Lignin,PK-0.5-HU,https://doi.org/10.1016/j.carbon.2024.119530,2024,Preparation of lignin-based porous carbon through thermochemical activation and nitrogen doping for CO2 selective adsorption,1506.0,0.66,0.58,0.15,323.0,9.98,1.59,0.51
48,Lignin,PK-1-HU,https://doi.org/10.1016/j.carbon.2024.119530,2024,Preparation of lignin-based porous carbon through thermochemical activation and nitrogen doping for CO2 selective adsorption,1664.0,0.72,0.65,0.15,323.0,8.11,1.96,0.47
48,Lignin,PK-2-HU,https://doi.org/10.1016/j.carbon.2024.119530,2024,Preparation of lignin-based porous carbon through thermochemical activation and nitrogen doping for CO2 selective adsorption,2126.0,0.97,0.89,0.15,323.0,15.08,1.34,0.38
48,Lignin,HU-PK-0.25,https://doi.org/10.1016/j.carbon.2024.119530,2024,Preparation of lignin-based porous carbon through thermochemical activation and nitrogen doping for CO2 selective adsorption,1009.0,0.57,0.39,0.15,323.0,13.64,1.31,0.41
50,Distiller's grains,KOH-C-0.5–700,https://doi.org/10.1016/j.seppur.2022.122134,2022,Construction of ultra-microporous activated carbons derived from waste distiller's grains for efficient CO2 adsorption,1059.0,0.57,0.5,1.0,273.0,7.82,5.4,6.34
50,Distiller's grains,K2CO3-C-0.5–700,https://doi.org/10.1016/j.seppur.2022.122134,2022,Construction of ultra-microporous activated carbons derived from waste distiller's grains for efficient CO2 adsorption,855.0,0.49,0.4,1.0,273.0,8.03,2.7,5.31
50,Distiller's grains,KHCO3-C-0.5–700,https://doi.org/10.1016/j.seppur.2022.122134,2022,Construction of ultra-microporous activated carbons derived from waste distiller's grains for efficient CO2 adsorption,480.0,0.26,0.23,1.0,273.0,9.36,3.97,5.2
50,Distiller's grains,K3PO4-C-0.5–700,https://doi.org/10.1016/j.seppur.2022.122134,2022,Construction of ultra-microporous activated carbons derived from waste distiller's grains for efficient CO2 adsorption,235.0,0.13,0.11,1.0,273.0,12.44,3.73,2.35
50,Distiller's grains,NaOH-C-0.5–700,https://doi.org/10.1016/j.seppur.2022.122134,2022,Construction of ultra-microporous activated carbons derived from waste distiller's grains for efficient CO2 adsorption,469.0,0.28,0.19,1.0,273.0,15.45,2.76,3.2
50,Distiller's grains,KOH-C-0.5–800,https://doi.org/10.1016/j.seppur.2022.122134,2022,Construction of ultra-microporous activated carbons derived from waste distiller's grains for efficient CO2 adsorption,1299.0,0.71,0.6,1.0,273.0,14.38,1.14,5.96
50,Distiller's grains,KOH-C-0.5–700,https://doi.org/10.1016/j.seppur.2022.122134,2022,Construction of ultra-microporous activated carbons derived from waste distiller's grains for efficient CO2 adsorption,1059.0,0.57,0.5,1.0,298.0,7.82,5.4,4.26
50,Distiller's grains,K2CO3-C-0.5–700,https://doi.org/10.1016/j.seppur.2022.122134,2022,Construction of ultra-microporous activated carbons derived from waste distiller's grains for efficient CO2 adsorption,855.0,0.49,0.4,1.0,298.0,8.03,2.7,3.66
50,Distiller's grains,KHCO3-C-0.5–700,https://doi.org/10.1016/j.seppur.2022.122134,2022,Construction of ultra-microporous activated carbons derived from waste distiller's grains for efficient CO2 adsorption,480.0,0.26,0.23,1.0,298.0,9.36,3.97,2.76
50,Distiller's grains,K3PO4-C-0.5–700,https://doi.org/10.1016/j.seppur.2022.122134,2022,Construction of ultra-microporous activated carbons derived from waste distiller's grains for efficient CO2 adsorption,235.0,0.13,0.11,1.0,298.0,12.44,3.73,1.71
50,Distiller's grains,NaOH-C-0.5–700,https://doi.org/10.1016/j.seppur.2022.122134,2022,Construction of ultra-microporous activated carbons derived from waste distiller's grains for efficient CO2 adsorption,469.0,0.28,0.19,1.0,298.0,15.45,2.76,2.38
50,Distiller's grains,KOH-C-0.5–800,https://doi.org/10.1016/j.seppur.2022.122134,2022,Construction of ultra-microporous activated carbons derived from waste distiller's grains for efficient CO2 adsorption,1299.0,0.71,0.6,1.0,298.0,14.38,1.14,3.75
51,walnut shells,WSC−500,https://doi.org/10.1016/j.jece.2024.114182,2024,Targeted construction of porous biochar with well-developed pore structure for high-performance CO2 adsorption,17.0,0.044,0.004,1.0,273.0,14.02,2.07,1.71
51,walnut shells,AC−1–700,https://doi.org/10.1016/j.jece.2024.114182,2024,Targeted construction of porous biochar with well-developed pore structure for high-performance CO2 adsorption,728.0,0.39,0.37,1.0,273.0,10.29,2.06,4.93
51,walnut shells,AC−2–700,https://doi.org/10.1016/j.jece.2024.114182,2024,Targeted construction of porous biochar with well-developed pore structure for high-performance CO2 adsorption,1569.0,0.81,0.77,1.0,273.0,9.04,2.27,6.75
51,walnut shells,AC−3–700,https://doi.org/10.1016/j.jece.2024.114182,2024,Targeted construction of porous biochar with well-developed pore structure for high-performance CO2 adsorption,1879.0,1.0,0.91,1.0,273.0,9.01,1.61,5.54
51,walnut shells,AC−2–600,https://doi.org/10.1016/j.jece.2024.114182,2024,Targeted construction of porous biochar with well-developed pore structure for high-performance CO2 adsorption,1357.0,0.73,0.68,1.0,273.0,7.72,1.79,6.09
51,walnut shells,AC−2–800,https://doi.org/10.1016/j.jece.2024.114182,2024,Targeted construction of porous biochar with well-developed pore structure for high-performance CO2 adsorption,1738.0,0.9,0.85,1.0,273.0,8.46,2.06,6.35
51,walnut shells,AC−2–900,https://doi.org/10.1016/j.jece.2024.114182,2024,Targeted construction of porous biochar with well-developed pore structure for high-performance CO2 adsorption,2115.0,1.12,0.96,1.0,273.0,6.08,1.6,5.48
51,walnut shells,WSC−500,https://doi.org/10.1016/j.jece.2024.114182,2024,Targeted construction of porous biochar with well-developed pore structure for high-performance CO2 adsorption,17.0,0.044,0.004,10.0,273.0,14.02,2.07,2.68
51,walnut shells,AC−1–700,https://doi.org/10.1016/j.jece.2024.114182,2024,Targeted construction of porous biochar with well-developed pore structure for high-performance CO2 adsorption,728.0,0.39,0.37,10.0,273.0,10.29,2.06,7.05
51,walnut shells,AC−2–700,https://doi.org/10.1016/j.jece.2024.114182,2024,Targeted construction of porous biochar with well-developed pore structure for high-performance CO2 adsorption,1569.0,0.81,0.77,10.0,273.0,9.04,2.27,14.13
51,walnut shells,AC−3–700,https://doi.org/10.1016/j.jece.2024.114182,2024,Targeted construction of porous biochar with well-developed pore structure for high-performance CO2 adsorption,1879.0,1.0,0.91,10.0,273.0,9.01,1.61,16.14
51,walnut shells,AC−2–600,https://doi.org/10.1016/j.jece.2024.114182,2024,Targeted construction of porous biochar with well-developed pore structure for high-performance CO2 adsorption,1357.0,0.73,0.68,10.0,273.0,7.72,1.79,12.79
51,walnut shells,AC−2–800,https://doi.org/10.1016/j.jece.2024.114182,2024,Targeted construction of porous biochar with well-developed pore structure for high-performance CO2 adsorption,1738.0,0.9,0.85,10.0,273.0,8.46,2.06,16.44
51,walnut shells,AC−2–900,https://doi.org/10.1016/j.jece.2024.114182,2024,Targeted construction of porous biochar with well-developed pore structure for high-performance CO2 adsorption,2115.0,1.12,0.96,10.0,273.0,6.08,1.6,17.59
51,walnut shells,WSC−500,https://doi.org/10.1016/j.jece.2024.114182,2024,Targeted construction of porous biochar with well-developed pore structure for high-performance CO2 adsorption,17.0,0.044,0.004,1.0,298.0,14.02,2.07,1.15
51,walnut shells,AC−1–700,https://doi.org/10.1016/j.jece.2024.114182,2024,Targeted construction of porous biochar with well-developed pore structure for high-performance CO2 adsorption,728.0,0.39,0.37,1.0,298.0,10.29,2.06,3.39
51,walnut shells,AC−2–700,https://doi.org/10.1016/j.jece.2024.114182,2024,Targeted construction of porous biochar with well-developed pore structure for high-performance CO2 adsorption,1569.0,0.81,0.77,1.0,298.0,9.04,2.27,4.19
51,walnut shells,AC−3–700,https://doi.org/10.1016/j.jece.2024.114182,2024,Targeted construction of porous biochar with well-developed pore structure for high-performance CO2 adsorption,1879.0,1.0,0.91,1.0,298.0,9.01,1.61,3.2
51,walnut shells,AC−2–600,https://doi.org/10.1016/j.jece.2024.114182,2024,Targeted construction of porous biochar with well-developed pore structure for high-performance CO2 adsorption,1357.0,0.73,0.68,1.0,298.0,7.72,1.79,3.65
51,walnut shells,AC−2–800,https://doi.org/10.1016/j.jece.2024.114182,2024,Targeted construction of porous biochar with well-developed pore structure for high-performance CO2 adsorption,1738.0,0.9,0.85,1.0,298.0,8.46,2.06,3.46
51,walnut shells,AC−2–900,https://doi.org/10.1016/j.jece.2024.114182,2024,Targeted construction of porous biochar with well-developed pore structure for high-performance CO2 adsorption,2115.0,1.12,0.96,1.0,298.0,6.08,1.6,3.11
51,walnut shells,WSC−500,https://doi.org/10.1016/j.jece.2024.114182,2024,Targeted construction of porous biochar with well-developed pore structure for high-performance CO2 adsorption,17.0,0.044,0.004,10.0,298.0,14.02,2.07,2.35
51,walnut shells,AC−1–700,https://doi.org/10.1016/j.jece.2024.114182,2024,Targeted construction of porous biochar with well-developed pore structure for high-performance CO2 adsorption,728.0,0.39,0.37,10.0,298.0,10.29,2.06,6.31
51,walnut shells,AC−2–700,https://doi.org/10.1016/j.jece.2024.114182,2024,Targeted construction of porous biochar with well-developed pore structure for high-performance CO2 adsorption,1569.0,0.81,0.77,10.0,298.0,9.04,2.27,12.13
51,walnut shells,AC−3–700,https://doi.org/10.1016/j.jece.2024.114182,2024,Targeted construction of porous biochar with well-developed pore structure for high-performance CO2 adsorption,1879.0,1.0,0.91,10.0,298.0,9.01,1.61,12.91
51,walnut shells,AC−2–600,https://doi.org/10.1016/j.jece.2024.114182,2024,Targeted construction of porous biochar with well-developed pore structure for high-performance CO2 adsorption,1357.0,0.73,0.68,10.0,298.0,7.72,1.79,10.74
51,walnut shells,AC−2–800,https://doi.org/10.1016/j.jece.2024.114182,2024,Targeted construction of porous biochar with well-developed pore structure for high-performance CO2 adsorption,1738.0,0.9,0.85,10.0,298.0,8.46,2.06,12.8
51,walnut shells,AC−2–900,https://doi.org/10.1016/j.jece.2024.114182,2024,Targeted construction of porous biochar with well-developed pore structure for high-performance CO2 adsorption,2115.0,1.12,0.96,10.0,298.0,6.08,1.6,13.26
52,Rice husk,RHC-PC-2,https://doi.org/10.1016/j.seppur.2022.122089,2022,Green synthesis of porous biochar with interconnected pore architectures from typical silicon-rich rice husk for efficient CO2 capture,1343.8,0.68,0.49,1.0,298.0,20.78,1.0,3.4
52,Rice husk,PC-2,https://doi.org/10.1016/j.seppur.2022.122089,2022,Green synthesis of porous biochar with interconnected pore architectures from typical silicon-rich rice husk for efficient CO2 capture,1768.9,0.897,0.694,1.0,298.0,19.95,0.28,3.09
54,Peach Kernel,PC-700-0.5,https://doi.org/10.1002/slct.202204287Digital Object Identifier (DOI),2023,A Peach-Kernel-Derived Ultramicroporous Carbon with Extremely High CO2-Capture Ability,539.6,0.287,0.272,0.15,298.0,19.37,0.25,1.46
54,Peach Kernel,PC-800-0.5,https://doi.org/10.1002/slct.202204287Digital Object Identifier (DOI),2023,A Peach-Kernel-Derived Ultramicroporous Carbon with Extremely High CO2-Capture Ability,749.1,0.399,0.383,0.15,298.0,20.89,0.16,1.39
54,Peach Kernel,PC-800-0.75,https://doi.org/10.1002/slct.202204287Digital Object Identifier (DOI),2023,A Peach-Kernel-Derived Ultramicroporous Carbon with Extremely High CO2-Capture Ability,788.0,0.415,0.405,0.15,298.0,16.56,0.26,1.64
54,Peach Kernel,PC-800-1.0,https://doi.org/10.1002/slct.202204287Digital Object Identifier (DOI),2023,A Peach-Kernel-Derived Ultramicroporous Carbon with Extremely High CO2-Capture Ability,997.6,0.53,0.509,0.15,298.0,24.79,0.09,1.33
54,Peach Kernel,PC-800-1.25,https://doi.org/10.1002/slct.202204287Digital Object Identifier (DOI),2023,A Peach-Kernel-Derived Ultramicroporous Carbon with Extremely High CO2-Capture Ability,947.1,0.503,0.481,0.15,298.0,27.62,0.04,1.2
54,Peach Kernel,PC-800-1.5,https://doi.org/10.1002/slct.202204287Digital Object Identifier (DOI),2023,A Peach-Kernel-Derived Ultramicroporous Carbon with Extremely High CO2-Capture Ability,937.3,0.502,0.474,0.15,298.0,28.3,0.18,1.19
54,Peach Kernel,PC-700-0.5,https://doi.org/10.1002/slct.202204287Digital Object Identifier (DOI),2023,A Peach-Kernel-Derived Ultramicroporous Carbon with Extremely High CO2-Capture Ability,539.6,0.287,0.272,1.0,298.0,19.37,0.25,3.4
54,Peach Kernel,PC-800-0.5,https://doi.org/10.1002/slct.202204287Digital Object Identifier (DOI),2023,A Peach-Kernel-Derived Ultramicroporous Carbon with Extremely High CO2-Capture Ability,749.1,0.399,0.383,1.0,298.0,20.89,0.16,4.1
54,Peach Kernel,PC-800-0.75,https://doi.org/10.1002/slct.202204287Digital Object Identifier (DOI),2023,A Peach-Kernel-Derived Ultramicroporous Carbon with Extremely High CO2-Capture Ability,788.0,0.415,0.405,1.0,298.0,16.56,0.26,4.92
54,Peach Kernel,PC-800-1.0,https://doi.org/10.1002/slct.202204287Digital Object Identifier (DOI),2023,A Peach-Kernel-Derived Ultramicroporous Carbon with Extremely High CO2-Capture Ability,997.6,0.53,0.509,1.0,298.0,24.79,0.09,4.44
54,Peach Kernel,PC-800-1.25,https://doi.org/10.1002/slct.202204287Digital Object Identifier (DOI),2023,A Peach-Kernel-Derived Ultramicroporous Carbon with Extremely High CO2-Capture Ability,947.1,0.503,0.481,1.0,298.0,27.62,0.04,4.2
54,Peach Kernel,PC-800-1.5,https://doi.org/10.1002/slct.202204287Digital Object Identifier (DOI),2023,A Peach-Kernel-Derived Ultramicroporous Carbon with Extremely High CO2-Capture Ability,937.3,0.502,0.474,1.0,298.0,28.3,0.18,4.15
55,Wasted coal liquefaction,ACFs-890-3,https://doi.org/10.1016/j.envres.2022.114197,2022,Activated carbon fiber derived from wasted coal liquefaction residual for CO2 capture,912.14,0.24,0.23,1.0,298.0,4.68,0.61,2.72
55,Wasted coal liquefaction,ACFs-920-3,https://doi.org/10.1016/j.envres.2022.114197,2022,Activated carbon fiber derived from wasted coal liquefaction residual for CO2 capture,1224.71,0.42,0.39,1.0,298.0,4.05,0.62,5.76
55,Wasted coal liquefaction,ACFs-950-1,https://doi.org/10.1016/j.envres.2022.114197,2022,Activated carbon fiber derived from wasted coal liquefaction residual for CO2 capture,705.87,0.22,0.2,1.0,298.0,7.14,0.65,2.45
55,Wasted coal liquefaction,ACFs-950-2,https://doi.org/10.1016/j.envres.2022.114197,2022,Activated carbon fiber derived from wasted coal liquefaction residual for CO2 capture,1118.52,0.38,0.37,1.0,298.0,6.93,0.58,2.81
55,Wasted coal liquefaction,ACFs-950-3,https://doi.org/10.1016/j.envres.2022.114197,2022,Activated carbon fiber derived from wasted coal liquefaction residual for CO2 capture,1408.77,0.59,0.56,1.0,298.0,3.59,0.61,3.53
58,Orange peel,Activated with KOH + alum,https://doi.org/10.1016/j.ccst.2023.100149,2023,Synthesis of porous and activated carbon from lemon peel waste for CO2 adsorption,1113.0,0.56,0.44,1.0,273.0,17.0,1.5,4.5
58,Orange peel,Activated with KOH,https://doi.org/10.1016/j.ccst.2023.100149,2023,Synthesis of porous and activated carbon from lemon peel waste for CO2 adsorption,2143.0,1.3,0.84,1.0,273.0,12.0,1.4,3.2
58,Orange peel,Activated with KOH + alum,https://doi.org/10.1016/j.ccst.2023.100149,2023,Synthesis of porous and activated carbon from lemon peel waste for CO2 adsorption,1113.0,0.56,0.44,1.0,298.0,17.0,1.5,2.8
58,Orange peel,Activated with KOH,https://doi.org/10.1016/j.ccst.2023.100149,2023,Synthesis of porous and activated carbon from lemon peel waste for CO2 adsorption,2143.0,1.3,0.84,1.0,298.0,12.0,1.4,2.0
58,Orange peel,Activated with KOH + alum,https://doi.org/10.1016/j.ccst.2023.100149,2023,Synthesis of porous and activated carbon from lemon peel waste for CO2 adsorption,1113.0,0.56,0.44,1.0,313.0,17.0,1.5,2.0
58,Orange peel,Activated with KOH,https://doi.org/10.1016/j.ccst.2023.100149,2023,Synthesis of porous and activated carbon from lemon peel waste for CO2 adsorption,2143.0,1.3,0.84,1.0,313.0,12.0,1.4,1.4
63,wood powder,C-DWP/Zn,https://doi.org/10.1016/j.ccst.2023.100161,2024,Scalable production of wood carbon microspheres for high-efficiency carbon dioxide capture,1769.13,0.6237,0.5992,1.0,298.0,8.8,2.5,3.51
64,waste eucalyptus powder,Eucalyptus sawdust,https://doi.org/10.1016/j.jelechem.2022.116580,2022,Targeting application of hierarchical porous carbon by facile one-step site-specific activation of wood powder: CO2 adsorption and supercapacitors,2390.76,1.23,0.49,1.0,273.0,12.74,1.45,5.21
64,waste eucalyptus powder,Eucalyptus sawdust,https://doi.org/10.1016/j.jelechem.2022.116580,2022,Targeting application of hierarchical porous carbon by facile one-step site-specific activation of wood powder: CO2 adsorption and supercapacitors,2390.76,1.23,0.49,1.0,298.0,12.74,1.45,3.54
66,Rape straw,RS,https://doi.org/10.1016/j.seppur.2022.120592,2022,Straw and wood based biochar for CO2 capture: Adsorption performance and governing mechanisms,81.13,0.095,0.012,1.0,298.0,23.21,0.97,0.6
66,Rape straw,SS,https://doi.org/10.1016/j.seppur.2022.120592,2022,Straw and wood based biochar for CO2 capture: Adsorption performance and governing mechanisms,81.48,0.141,0.036,1.0,298.0,10.38,1.6,0.94
66,Rape straw,CS,https://doi.org/10.1016/j.seppur.2022.120592,2022,Straw and wood based biochar for CO2 capture: Adsorption performance and governing mechanisms,122.06,0.135,0.066,1.0,298.0,10.3,1.41,0.84
66,Rape straw,WS,https://doi.org/10.1016/j.seppur.2022.120592,2022,Straw and wood based biochar for CO2 capture: Adsorption performance and governing mechanisms,123.23,0.106,0.015,1.0,298.0,17.0,1.45,0.72
66,Rape straw,NS,https://doi.org/10.1016/j.seppur.2022.120592,2022,Straw and wood based biochar for CO2 capture: Adsorption performance and governing mechanisms,336.73,0.196,0.133,1.0,298.0,11.13,0.32,0.94
66,Rape straw,HW,https://doi.org/10.1016/j.seppur.2022.120592,2022,Straw and wood based biochar for CO2 capture: Adsorption performance and governing mechanisms,347.96,0.471,0.147,1.0,298.0,8.56,0.3,1.04
66,Rape straw,PW,https://doi.org/10.1016/j.seppur.2022.120592,2022,Straw and wood based biochar for CO2 capture: Adsorption performance and governing mechanisms,356.87,0.464,0.133,1.0,298.0,11.73,0.48,0.98
69,Pine sawdust,BC,https://doi.org/10.1016/j.jece.2023.111378,2023,Separation of CO2 using biochar and KOH and ZnCl2 activated carbons derived from pine sawdust,293.3,0.19,0.18,1.0,273.0,9.29,0.47,1.17
69,Pine sawdust,ACPS600-K-4,https://doi.org/10.1016/j.jece.2023.111378,2023,Separation of CO2 using biochar and KOH and ZnCl2 activated carbons derived from pine sawdust,2437.2,1.09,0.97,1.0,273.0,16.51,1.08,1.65
69,Pine sawdust,ACPS850-K-2,https://doi.org/10.1016/j.jece.2023.111378,2023,Separation of CO2 using biochar and KOH and ZnCl2 activated carbons derived from pine sawdust,2270.5,1.02,0.87,1.0,273.0,8.44,0.58,1.33
69,Pine sawdust,ACPS850-Z-D,https://doi.org/10.1016/j.jece.2023.111378,2023,Separation of CO2 using biochar and KOH and ZnCl2 activated carbons derived from pine sawdust,471.4,0.26,0.23,1.0,273.0,4.22,1.56,1.41
69,Pine sawdust,ACPS850-Z-W,https://doi.org/10.1016/j.jece.2023.111378,2023,Separation of CO2 using biochar and KOH and ZnCl2 activated carbons derived from pine sawdust,501.1,0.26,0.23,1.0,273.0,3.82,0.59,1.56
71,Wheat straw,BC600,https://doi.org/10.1016/j.cej.2024.155607,2024,"Hierarchically porous MgO/biochar composites for efficient CO2 capture: Structure, performance and mechanism",1064.0,0.5,0.41,1.0,273.0,23.29,1.12,5.17
71,Wheat straw,BC700,https://doi.org/10.1016/j.cej.2024.155607,2024,"Hierarchically porous MgO/biochar composites for efficient CO2 capture: Structure, performance and mechanism",1748.0,0.77,0.69,1.0,273.0,12.09,1.32,5.7
71,Wheat straw,BC800,https://doi.org/10.1016/j.cej.2024.155607,2024,"Hierarchically porous MgO/biochar composites for efficient CO2 capture: Structure, performance and mechanism",2765.0,1.64,0.97,1.0,273.0,3.97,0.77,6.0
71,Wheat straw,MgO/BC-1,https://doi.org/10.1016/j.cej.2024.155607,2024,"Hierarchically porous MgO/biochar composites for efficient CO2 capture: Structure, performance and mechanism",1453.0,0.75,0.56,1.0,273.0,18.94,0.87,6.65
71,Wheat straw,MgO/BC-5,https://doi.org/10.1016/j.cej.2024.155607,2024,"Hierarchically porous MgO/biochar composites for efficient CO2 capture: Structure, performance and mechanism",793.0,0.54,0.29,1.0,273.0,23.3,0.35,3.38
76,sodium lignosulfonate,pH 1,https://doi.org/10.1016/j.biortech.2023.130171,2024,Effect of hydrothermal pH values on the morphology of special microspheres of lignin-based porous carbon and the mechanism of carbon dioxide adsorption,1018.14,1.77,1.0974,1.0,273.0,5.13,3.3,5.1
76,sodium lignosulfonate,pH 2,https://doi.org/10.1016/j.biortech.2023.130171,2024,Effect of hydrothermal pH values on the morphology of special microspheres of lignin-based porous carbon and the mechanism of carbon dioxide adsorption,1073.18,0.588,3.66912,1.0,273.0,10.11,4.02,4.8
76,sodium lignosulfonate,pH 3,https://doi.org/10.1016/j.biortech.2023.130171,2024,Effect of hydrothermal pH values on the morphology of special microspheres of lignin-based porous carbon and the mechanism of carbon dioxide adsorption,1178.61,1.16,3.6308,1.0,273.0,8.29,2.22,4.7
76,sodium lignosulfonate,pH 4,https://doi.org/10.1016/j.biortech.2023.130171,2024,Effect of hydrothermal pH values on the morphology of special microspheres of lignin-based porous carbon and the mechanism of carbon dioxide adsorption,1336.46,1.17,4.8321,1.0,273.0,12.97,4.42,4.3
76,sodium lignosulfonate,pH 5,https://doi.org/10.1016/j.biortech.2023.130171,2024,Effect of hydrothermal pH values on the morphology of special microspheres of lignin-based porous carbon and the mechanism of carbon dioxide adsorption,978.2,1.15,1.5295,1.0,273.0,10.55,3.15,4.2
76,sodium lignosulfonate,pH 6,https://doi.org/10.1016/j.biortech.2023.130171,2024,Effect of hydrothermal pH values on the morphology of special microspheres of lignin-based porous carbon and the mechanism of carbon dioxide adsorption,836.2,1.02,2.9172,1.0,273.0,15.51,2.95,4.05
76,sodium lignosulfonate,pH 7,https://doi.org/10.1016/j.biortech.2023.130171,2024,Effect of hydrothermal pH values on the morphology of special microspheres of lignin-based porous carbon and the mechanism of carbon dioxide adsorption,985.16,0.83,1.9588,1.0,273.0,13.7,2.21,3.85
76,sodium lignosulfonate,pH 1,https://doi.org/10.1016/j.biortech.2023.130171,2024,Effect of hydrothermal pH values on the morphology of special microspheres of lignin-based porous carbon and the mechanism of carbon dioxide adsorption,1018.14,1.77,1.0974,1.0,298.0,5.13,3.3,3.67
76,sodium lignosulfonate,pH 2,https://doi.org/10.1016/j.biortech.2023.130171,2024,Effect of hydrothermal pH values on the morphology of special microspheres of lignin-based porous carbon and the mechanism of carbon dioxide adsorption,1073.18,0.588,3.66912,1.0,298.0,10.11,4.02,3.5
76,sodium lignosulfonate,pH 3,https://doi.org/10.1016/j.biortech.2023.130171,2024,Effect of hydrothermal pH values on the morphology of special microspheres of lignin-based porous carbon and the mechanism of carbon dioxide adsorption,1178.61,1.16,3.6308,1.0,298.0,8.29,2.22,3.35
76,sodium lignosulfonate,pH 4,https://doi.org/10.1016/j.biortech.2023.130171,2024,Effect of hydrothermal pH values on the morphology of special microspheres of lignin-based porous carbon and the mechanism of carbon dioxide adsorption,1336.46,1.17,4.8321,1.0,298.0,12.97,4.42,3.2
76,sodium lignosulfonate,pH 5,https://doi.org/10.1016/j.biortech.2023.130171,2024,Effect of hydrothermal pH values on the morphology of special microspheres of lignin-based porous carbon and the mechanism of carbon dioxide adsorption,978.2,1.15,1.5295,1.0,298.0,10.55,3.15,3.15
76,sodium lignosulfonate,pH 6,https://doi.org/10.1016/j.biortech.2023.130171,2024,Effect of hydrothermal pH values on the morphology of special microspheres of lignin-based porous carbon and the mechanism of carbon dioxide adsorption,836.2,1.02,2.9172,1.0,298.0,15.51,2.95,3.05
76,sodium lignosulfonate,pH 7,https://doi.org/10.1016/j.biortech.2023.130171,2024,Effect of hydrothermal pH values on the morphology of special microspheres of lignin-based porous carbon and the mechanism of carbon dioxide adsorption,985.16,0.83,1.9588,1.0,298.0,13.7,2.21,2.85
79,"palm date seeds, guava seeds and winged beans",PDS_KOH_1,10.1002/nano.202100099,2022,Biomass derived carbon materials: Synthesis and application towards CO2 and H2S adsorption,1906.0,1.06,0.78,1.0,273.0,18.99,1.35,5.47
79,"palm date seeds, guava seeds and winged beans",PDS_KOH_2,10.1002/nano.202100099,2022,Biomass derived carbon materials: Synthesis and application towards CO2 and H2S adsorption,2335.0,1.54,0.9,1.0,273.0,19.95,0.51,4.16
79,"palm date seeds, guava seeds and winged beans",PDS_KOH_1,10.1002/nano.202100099,2022,Biomass derived carbon materials: Synthesis and application towards CO2 and H2S adsorption,1906.0,1.06,0.78,1.0,298.0,18.99,1.35,4.36
79,"palm date seeds, guava seeds and winged beans",PDS_KOH_2,10.1002/nano.202100099,2022,Biomass derived carbon materials: Synthesis and application towards CO2 and H2S adsorption,2335.0,1.54,0.9,1.0,298.0,19.95,0.51,3.17
85,corncobs,CNNK-1,https://doi.org/10.1021/acs.langmuir.3c00137,2023,CO2 Adsorption on N-Doped Porous Biocarbon Synthesized from Biomass Corncobs in Simulated Flue Gas,1209.0,0.506,0.345,1.0,298.0,22.45,0.89,4.44
85,corncobs,CNOK-1,https://doi.org/10.1021/acs.langmuir.3c00137,2023,CO2 Adsorption on N-Doped Porous Biocarbon Synthesized from Biomass Corncobs in Simulated Flue Gas,1148.0,0.493,0.315,1.0,298.0,30.8,3.3,3.33
86,Antibiotic mycorrhizal residues,THC600,https://doi.org/10.1016/j.jaap.2024.106812,2024,Preparation of porous carbon from hydrothermal treatment products of modified antibiotic mycelial residues and its use in CO2 capture,648.41,0.31,0.247,1.0,298.0,29.81,1.89,3.4
86,Antibiotic mycorrhizal residues,THC650,https://doi.org/10.1016/j.jaap.2024.106812,2024,Preparation of porous carbon from hydrothermal treatment products of modified antibiotic mycelial residues and its use in CO2 capture,902.99,0.412,0.312,1.0,298.0,24.97,1.26,4.5
86,Antibiotic mycorrhizal residues,THC700,https://doi.org/10.1016/j.jaap.2024.106812,2024,Preparation of porous carbon from hydrothermal treatment products of modified antibiotic mycelial residues and its use in CO2 capture,1205.92,0.602,0.517,1.0,298.0,16.33,0.69,5.35
86,Antibiotic mycorrhizal residues,THC750,https://doi.org/10.1016/j.jaap.2024.106812,2024,Preparation of porous carbon from hydrothermal treatment products of modified antibiotic mycelial residues and its use in CO2 capture,1528.65,0.836,0.609,1.0,298.0,17.94,0.36,4.55
86,Antibiotic mycorrhizal residues,THC800,https://doi.org/10.1016/j.jaap.2024.106812,2024,Preparation of porous carbon from hydrothermal treatment products of modified antibiotic mycelial residues and its use in CO2 capture,1712.72,0.879,0.646,1.0,298.0,28.57,0.28,4.3
94,wood chips,BC/M/S/T550/R15/H120,https://doi.org/10.1016/j.seppur.2024.129403,2025,Eutectic molten salt assisted fabrication of microporous biochar for greenhouse gases adsorption,974.46,0.51,0.39,1.0,298.0,14.18,2.32,4.54
99,medicinal herbs,SMPC,https://doi.org/10.1016/j.colsurfa.2023.131327,2023,Ultra-high specific surface area porous carbons derived from Chinese medicinal herbal residues with potential applications in supercapacitors and CO2 capture,3410.0,2.045,1.137,1.0,273.0,4.29,0.31,3.78
99,medicinal herbs,ARPC,https://doi.org/10.1016/j.colsurfa.2023.131327,2023,Ultra-high specific surface area porous carbons derived from Chinese medicinal herbal residues with potential applications in supercapacitors and CO2 capture,3399.0,2.095,1.181,1.0,273.0,4.54,0.08,4.1
99,medicinal herbs,DHRPC,https://doi.org/10.1016/j.colsurfa.2023.131327,2023,Ultra-high specific surface area porous carbons derived from Chinese medicinal herbal residues with potential applications in supercapacitors and CO2 capture,3262.0,1.775,1.382,1.0,273.0,3.38,0.29,4.88
99,medicinal herbs,SMPC,https://doi.org/10.1016/j.colsurfa.2023.131327,2023,Ultra-high specific surface area porous carbons derived from Chinese medicinal herbal residues with potential applications in supercapacitors and CO2 capture,3410.0,2.045,1.137,30.0,298.0,4.29,0.31,29.0
99,medicinal herbs,ARPC,https://doi.org/10.1016/j.colsurfa.2023.131327,2023,Ultra-high specific surface area porous carbons derived from Chinese medicinal herbal residues with potential applications in supercapacitors and CO2 capture,3399.0,2.095,1.181,30.0,298.0,4.54,0.08,30.0
99,medicinal herbs,DHRPC,https://doi.org/10.1016/j.colsurfa.2023.131327,2023,Ultra-high specific surface area porous carbons derived from Chinese medicinal herbal residues with potential applications in supercapacitors and CO2 capture,3262.0,1.775,1.382,30.0,298.0,3.38,0.29,29.4
100,Corn straw,4–9-2-m,https://doi.org/10.1016/j.cej.2024.153403,2024,Straw-based biochar prepared from multi-step KOH activation and its structure-effect relationship of CO2 capture under atmospheric/pressurized conditions via experimental analysis and MD/DFT calculations,2375.22,1.17,0.97,10.0,298.0,18.15,1.19,11.13
100,Corn straw,4–9-4-m,https://doi.org/10.1016/j.cej.2024.153403,2024,Straw-based biochar prepared from multi-step KOH activation and its structure-effect relationship of CO2 capture under atmospheric/pressurized conditions via experimental analysis and MD/DFT calculations,3006.41,1.8,1.14,10.0,298.0,17.45,1.06,11.97
100,Corn straw,4–9-2-d,https://doi.org/10.1016/j.cej.2024.153403,2024,Straw-based biochar prepared from multi-step KOH activation and its structure-effect relationship of CO2 capture under atmospheric/pressurized conditions via experimental analysis and MD/DFT calculations,119.57,0.062,0.049,10.0,298.0,13.0,0.72,3.51
100,Corn straw,4–9-4-d,https://doi.org/10.1016/j.cej.2024.153403,2024,Straw-based biochar prepared from multi-step KOH activation and its structure-effect relationship of CO2 capture under atmospheric/pressurized conditions via experimental analysis and MD/DFT calculations,179.67,0.084,0.071,10.0,298.0,12.09,0.72,4.76
100,Corn straw,4–9-2d-2 m,https://doi.org/10.1016/j.cej.2024.153403,2024,Straw-based biochar prepared from multi-step KOH activation and its structure-effect relationship of CO2 capture under atmospheric/pressurized conditions via experimental analysis and MD/DFT calculations,2374.55,1.25,0.96,10.0,298.0,17.18,1.85,10.91
100,Corn straw,H-4–9-4-m,https://doi.org/10.1016/j.cej.2024.153403,2024,Straw-based biochar prepared from multi-step KOH activation and its structure-effect relationship of CO2 capture under atmospheric/pressurized conditions via experimental analysis and MD/DFT calculations,3567.33,2.05,1.3,10.0,298.0,12.31,0.72,13.25
100,Corn straw,4–9-2-m,https://doi.org/10.1016/j.cej.2024.153403,2024,Straw-based biochar prepared from multi-step KOH activation and its structure-effect relationship of CO2 capture under atmospheric/pressurized conditions via experimental analysis and MD/DFT calculations,2375.22,1.17,0.97,20.0,298.0,18.15,1.19,14.68
100,Corn straw,4–9-4-m,https://doi.org/10.1016/j.cej.2024.153403,2024,Straw-based biochar prepared from multi-step KOH activation and its structure-effect relationship of CO2 capture under atmospheric/pressurized conditions via experimental analysis and MD/DFT calculations,3006.41,1.8,1.14,20.0,298.0,17.45,1.06,18.43
100,Corn straw,4–9-2-d,https://doi.org/10.1016/j.cej.2024.153403,2024,Straw-based biochar prepared from multi-step KOH activation and its structure-effect relationship of CO2 capture under atmospheric/pressurized conditions via experimental analysis and MD/DFT calculations,119.57,0.062,0.049,20.0,298.0,13.0,0.72,3.74
100,Corn straw,4–9-4-d,https://doi.org/10.1016/j.cej.2024.153403,2024,Straw-based biochar prepared from multi-step KOH activation and its structure-effect relationship of CO2 capture under atmospheric/pressurized conditions via experimental analysis and MD/DFT calculations,179.67,0.084,0.071,20.0,298.0,12.09,0.72,5.07
100,Corn straw,4–9-2d-2 m,https://doi.org/10.1016/j.cej.2024.153403,2024,Straw-based biochar prepared from multi-step KOH activation and its structure-effect relationship of CO2 capture under atmospheric/pressurized conditions via experimental analysis and MD/DFT calculations,2374.55,1.25,0.96,20.0,298.0,17.18,1.85,15.29
100,Corn straw,H-4–9-4-m,https://doi.org/10.1016/j.cej.2024.153403,2024,Straw-based biochar prepared from multi-step KOH activation and its structure-effect relationship of CO2 capture under atmospheric/pressurized conditions via experimental analysis and MD/DFT calculations,3567.33,2.05,1.3,20.0,298.0,12.31,0.72,19.87
100,Corn straw,4–9-2-m,https://doi.org/10.1016/j.cej.2024.153403,2024,Straw-based biochar prepared from multi-step KOH activation and its structure-effect relationship of CO2 capture under atmospheric/pressurized conditions via experimental analysis and MD/DFT calculations,2375.22,1.17,0.97,30.0,298.0,18.15,1.19,16.55
100,Corn straw,4–9-4-m,https://doi.org/10.1016/j.cej.2024.153403,2024,Straw-based biochar prepared from multi-step KOH activation and its structure-effect relationship of CO2 capture under atmospheric/pressurized conditions via experimental analysis and MD/DFT calculations,3006.41,1.8,1.14,30.0,298.0,17.45,1.06,23.07
100,Corn straw,4–9-2-d,https://doi.org/10.1016/j.cej.2024.153403,2024,Straw-based biochar prepared from multi-step KOH activation and its structure-effect relationship of CO2 capture under atmospheric/pressurized conditions via experimental analysis and MD/DFT calculations,119.57,0.062,0.049,30.0,298.0,13.0,0.72,3.98
100,Corn straw,4–9-4-d,https://doi.org/10.1016/j.cej.2024.153403,2024,Straw-based biochar prepared from multi-step KOH activation and its structure-effect relationship of CO2 capture under atmospheric/pressurized conditions via experimental analysis and MD/DFT calculations,179.67,0.084,0.071,30.0,298.0,12.09,0.72,5.58
100,Corn straw,4–9-2d-2 m,https://doi.org/10.1016/j.cej.2024.153403,2024,Straw-based biochar prepared from multi-step KOH activation and its structure-effect relationship of CO2 capture under atmospheric/pressurized conditions via experimental analysis and MD/DFT calculations,2374.55,1.25,0.96,30.0,298.0,17.18,1.85,17.22
100,Corn straw,H-4–9-4-m,https://doi.org/10.1016/j.cej.2024.153403,2024,Straw-based biochar prepared from multi-step KOH activation and its structure-effect relationship of CO2 capture under atmospheric/pressurized conditions via experimental analysis and MD/DFT calculations,3567.33,2.05,1.3,30.0,298.0,12.31,0.72,24.77
101,Pitch,HPCNF-4,https://doi.org/10.1016/j.est.2024.110636,2024,Ball-flower-like hierarchically porous carbons via a “work-in-tandem” strategy for effective energy storage and CO2 capture,440.3,0.9,0.13,0.15,273.0,6.34,3.99,1.21
101,Pitch,HPCNF-5,https://doi.org/10.1016/j.est.2024.110636,2024,Ball-flower-like hierarchically porous carbons via a “work-in-tandem” strategy for effective energy storage and CO2 capture,529.7,1.11,0.15,0.15,273.0,6.58,3.01,1.57
101,Pitch,HPCNF-6,https://doi.org/10.1016/j.est.2024.110636,2024,Ball-flower-like hierarchically porous carbons via a “work-in-tandem” strategy for effective energy storage and CO2 capture,737.9,1.72,0.19,0.15,273.0,5.93,2.95,1.25
101,Pitch,HPCNF-8,https://doi.org/10.1016/j.est.2024.110636,2024,Ball-flower-like hierarchically porous carbons via a “work-in-tandem” strategy for effective energy storage and CO2 capture,795.3,2.18,0.19,0.15,273.0,5.24,3.27,1.26
101,Pitch,HPCNF-4,https://doi.org/10.1016/j.est.2024.110636,2024,Ball-flower-like hierarchically porous carbons via a “work-in-tandem” strategy for effective energy storage and CO2 capture,440.3,0.9,0.13,0.15,298.0,6.34,3.99,0.76
101,Pitch,HPCNF-5,https://doi.org/10.1016/j.est.2024.110636,2024,Ball-flower-like hierarchically porous carbons via a “work-in-tandem” strategy for effective energy storage and CO2 capture,529.7,1.11,0.15,0.15,298.0,6.58,3.01,0.88
101,Pitch,HPCNF-6,https://doi.org/10.1016/j.est.2024.110636,2024,Ball-flower-like hierarchically porous carbons via a “work-in-tandem” strategy for effective energy storage and CO2 capture,737.9,1.72,0.19,0.15,298.0,5.93,2.95,0.71
101,Pitch,HPCNF-8,https://doi.org/10.1016/j.est.2024.110636,2024,Ball-flower-like hierarchically porous carbons via a “work-in-tandem” strategy for effective energy storage and CO2 capture,795.3,2.18,0.19,0.15,298.0,5.24,3.27,0.73
101,Pitch,HPCNF-4,https://doi.org/10.1016/j.est.2024.110636,2024,Ball-flower-like hierarchically porous carbons via a “work-in-tandem” strategy for effective energy storage and CO2 capture,440.3,0.9,0.13,1.0,273.0,6.34,3.99,2.77
101,Pitch,HPCNF-5,https://doi.org/10.1016/j.est.2024.110636,2024,Ball-flower-like hierarchically porous carbons via a “work-in-tandem” strategy for effective energy storage and CO2 capture,529.7,1.11,0.15,1.0,273.0,6.58,3.01,3.57
101,Pitch,HPCNF-6,https://doi.org/10.1016/j.est.2024.110636,2024,Ball-flower-like hierarchically porous carbons via a “work-in-tandem” strategy for effective energy storage and CO2 capture,737.9,1.72,0.19,1.0,273.0,5.93,2.95,3.41
101,Pitch,HPCNF-8,https://doi.org/10.1016/j.est.2024.110636,2024,Ball-flower-like hierarchically porous carbons via a “work-in-tandem” strategy for effective energy storage and CO2 capture,795.3,2.18,0.19,1.0,273.0,5.24,3.27,3.45
101,Pitch,HPCNF-4,https://doi.org/10.1016/j.est.2024.110636,2024,Ball-flower-like hierarchically porous carbons via a “work-in-tandem” strategy for effective energy storage and CO2 capture,440.3,0.9,0.13,1.0,298.0,6.34,3.99,2.05
101,Pitch,HPCNF-5,https://doi.org/10.1016/j.est.2024.110636,2024,Ball-flower-like hierarchically porous carbons via a “work-in-tandem” strategy for effective energy storage and CO2 capture,529.7,1.11,0.15,1.0,298.0,6.58,3.01,2.44
101,Pitch,HPCNF-6,https://doi.org/10.1016/j.est.2024.110636,2024,Ball-flower-like hierarchically porous carbons via a “work-in-tandem” strategy for effective energy storage and CO2 capture,737.9,1.72,0.19,1.0,298.0,5.93,2.95,2.28
101,Pitch,HPCNF-8,https://doi.org/10.1016/j.est.2024.110636,2024,Ball-flower-like hierarchically porous carbons via a “work-in-tandem” strategy for effective energy storage and CO2 capture,795.3,2.18,0.19,1.0,298.0,5.24,3.27,2.41
106,olive pomace,A,https://doi.org/10.1016/j.seppur.2024.127997,2025,Investigation of effectiveness of KOH-activated olive pomace biochar for efficient direct air capture of CO2,26.49,0.046,0.796,1.0,283.0,2.4,50.3,0.0181
106,olive pomace,B,https://doi.org/10.1016/j.seppur.2024.127997,2025,Investigation of effectiveness of KOH-activated olive pomace biochar for efficient direct air capture of CO2,732.26,0.435,630.28,1.0,283.0,0.41,78.05,0.0434
106,olive pomace,C,https://doi.org/10.1016/j.seppur.2024.127997,2025,Investigation of effectiveness of KOH-activated olive pomace biochar for efficient direct air capture of CO2,43.26,0.048,28.77,1.0,283.0,0.85,40.75,0.226
106,olive pomace,D,https://doi.org/10.1016/j.seppur.2024.127997,2025,Investigation of effectiveness of KOH-activated olive pomace biochar for efficient direct air capture of CO2,1100.01,0.632,919.87,1.0,283.0,1.58,2.44,2.63
106,olive pomace,E,https://doi.org/10.1016/j.seppur.2024.127997,2025,Investigation of effectiveness of KOH-activated olive pomace biochar for efficient direct air capture of CO2,1601.19,0.864,1318.14,1.0,283.0,0.21,70.51,3.21
106,olive pomace,F,https://doi.org/10.1016/j.seppur.2024.127997,2025,Investigation of effectiveness of KOH-activated olive pomace biochar for efficient direct air capture of CO2,69.0,0.064,45.96,1.0,283.0,0.28,69.02,2.2
